{
  "project_info": {
    "project_number": "1048306919667",
    "project_id": "spiderman-d54f4",
    "storage_bucket": "spiderman-d54f4.firebasestorage.app"
  },
  "client": [
    {
      "client_info": {
        "mobilesdk_app_id": "1:1048306919667:android:9c0db728ce3c50cf242f86",
        "android_client_info": {
          "package_name": "com.example.bleattenceapp"
        }
      },
      "oauth_client": [],
      "api_key": [
        {
          "current_key": "AIzaSyBTnczQHKsJcsSdfKBrQhbP5P6Q-RZ8xRo"
        }
      ],
      "services": {
        "appinvite_service": {
          "other_platform_oauth_client": []
        }
      }
    }
  ],
  "configuration_version": "1"
}